,nombre,precio,vendido,enlace
0,Tarjeta De Video Zotac Gaming Geforce Rtx 2080 Amp Extreme,"23,299",2 vendidos,https://articulo.mercadolibre.com.mx/MLM-664961538-tarjeta-de-video-zotac-gaming-geforce-rtx-2080-amp-extreme-_JM
1,Tarjeta De Video Nvidia Rtx 2080 8gb Ddr6 Oc Pny Xlr8 4k,"16,699",10 vendidos,https://articulo.mercadolibre.com.mx/MLM-664961538-tarjeta-de-video-zotac-gaming-geforce-rtx-2080-amp-extreme-_JM
2,Tarjeta De Video Rtx 2080 Ti 11gb Asus Rog Strix Ddr6,"28,599",10 vendidos,https://articulo.mercadolibre.com.mx/MLM-631948765-tarjeta-de-video-nvidia-rtx-2080-8gb-ddr6-oc-pny-xlr8-4k-_JM
3,Tarjeta De Video Zotac Geforce Rtx 2080 8gb Blower,"17,799",2 vendidos,https://articulo.mercadolibre.com.mx/MLM-631948765-tarjeta-de-video-nvidia-rtx-2080-8gb-ddr6-oc-pny-xlr8-4k-_JM
4,Tarjeta De Video Rtx 2080 Ti 11gb Asus Rog Strix Ddr6,"28,599",134 vendidos,https://articulo.mercadolibre.com.mx/MLM-653585544-tarjeta-de-video-rtx-2080-ti-11gb-asus-rog-strix-ddr6-_JM
5,Tarjeta De Video Evga Geforce Rtx 2080 Xc Ultra Gaming Ddr6,"22,999",2 vendidos,https://articulo.mercadolibre.com.mx/MLM-653585544-tarjeta-de-video-rtx-2080-ti-11gb-asus-rog-strix-ddr6-_JM
6,Tarjeta Video Asus Rog Strix Rtx 2080 Ti Oc 11gb Gddr6,"28,450",1 vendido,https://articulo.mercadolibre.com.mx/MLM-660254025-tarjeta-de-video-zotac-geforce-rtx-2080-8gb-blower-_JM
7,Tarjeta De Video Msi Geforce Rtx 2080 Sea Hawk X 8gb Ddr6,"22,999","</div>""",https://articulo.mercadolibre.com.mx/MLM-660254025-tarjeta-de-video-zotac-geforce-rtx-2080-8gb-blower-_JM
8,Tarjeta De Video Msi Geforce Rtx 2080 Ventus 8g Oc Ddr6,"19,599",2 vendidos,https://articulo.mercadolibre.com.mx/MLM-653564781-tarjeta-de-video-rtx-2080-ti-11gb-asus-rog-strix-ddr6-_JM
9,Tarjeta Video Geforce Gigabyte Rtx 2080 Gaming Oc 8gb Gddr6,"22,500",Estado De México,https://articulo.mercadolibre.com.mx/MLM-653564781-tarjeta-de-video-rtx-2080-ti-11gb-asus-rog-strix-ddr6-_JM
10,Tarjeta Gráfica Asus Geforce Rtx 2080 Ti Strix Oc 11gb Rgb,"31,364",1 vendido - Distrito Federal,https://articulo.mercadolibre.com.mx/MLM-648565815-tarjeta-de-video-evga-geforce-rtx-2080-xc-ultra-gaming-ddr6-_JM
11,Tarjeta De Video Msi Geforce Rtx 2080 Gaming X Trio 8gb,"21,999","</div>""",https://articulo.mercadolibre.com.mx/MLM-648565815-tarjeta-de-video-evga-geforce-rtx-2080-xc-ultra-gaming-ddr6-_JM
12,Tarjeta De Video Evga Geforce Rtx 2080 Ti Xc Gaming,"32,999","</div>""",https://articulo.mercadolibre.com.mx/MLM-656438493-tarjeta-video-asus-rog-strix-rtx-2080-ti-oc-11gb-gddr6-_JM
13,Tarjeta De Video Nvidia Geforce Rtx 2080 Asus Dual Oc 8gb,"22,999",Nuevo León,https://articulo.mercadolibre.com.mx/MLM-656438493-tarjeta-video-asus-rog-strix-rtx-2080-ti-oc-11gb-gddr6-_JM
14,Tarjeta De Video Msi Geforce Rtx 2080 Sea Hawk X 8gb Ddr6,"23,999","</div>""",https://articulo.mercadolibre.com.mx/MLM-666381048-tarjeta-de-video-msi-geforce-rtx-2080-sea-hawk-x-8gb-ddr6-_JM
15,Tarjeta De Video Gamer Strix Rtx 2080ti Meses Sin Intereses,"37,568",Distrito Federal,https://articulo.mercadolibre.com.mx/MLM-666381048-tarjeta-de-video-msi-geforce-rtx-2080-sea-hawk-x-8gb-ddr6-_JM
16,Tarjeta Video Geforce Evga Rtx 2080 Ultra Gaming 8gb Gddr6,"23,300",Estado De México,https://articulo.mercadolibre.com.mx/MLM-648569318-tarjeta-de-video-msi-geforce-rtx-2080-ventus-8g-oc-ddr6-_JM
17,Tarjeta De Video Gamer Strix Rtx 2080ti Envio Gratis,"36,289",Distrito Federal,https://articulo.mercadolibre.com.mx/MLM-648569318-tarjeta-de-video-msi-geforce-rtx-2080-ventus-8g-oc-ddr6-_JM
18,Asus Rog Strix Rtx 2080ti A11g Gaming 11gb Gddr6,"33,999",Baja California,https://articulo.mercadolibre.com.mx/MLM-646094512-tarjeta-video-geforce-gigabyte-rtx-2080-gaming-oc-8gb-gddr6-_JM
19,Msi T. Video Msi Nvidia Rtx 2080 Sea Hawk X 8gb Gddr6 Enfria,"26,348",1 vendido - Distrito Federal,https://articulo.mercadolibre.com.mx/MLM-646094512-tarjeta-video-geforce-gigabyte-rtx-2080-gaming-oc-8gb-gddr6-_JM
20,Tarjeta Video Geforce Asus Rtx 2080 Dual Oc 8gb Gddr6,"20,950",Estado De México,https://articulo.mercadolibre.com.mx/MLM-665432561-tarjeta-grafica-asus-geforce-rtx-2080-ti-strix-oc-11gb-rgb-_JM
21,Tarjeta De Video Nvidia Rtx 2080 Zotac Amp,"15,499",Usado - Estado De México,https://articulo.mercadolibre.com.mx/MLM-665432561-tarjeta-grafica-asus-geforce-rtx-2080-ti-strix-oc-11gb-rgb-_JM
22,Rtx 2080 Msi Sea Hawk Enfriamiento Líquido Meses Sin Interes,"25,780",Distrito Federal,https://articulo.mercadolibre.com.mx/MLM-665725386-tarjeta-de-video-msi-geforce-rtx-2080-gaming-x-trio-8gb-_JM
23,Tarjeta De Video Pny Geforce Rtx 2080 8gb Xlr8 Gaming Oc,"18,499",Puebla,https://articulo.mercadolibre.com.mx/MLM-665725386-tarjeta-de-video-msi-geforce-rtx-2080-gaming-x-trio-8gb-_JM
24,Rtx 2080 8gb Gddr6 Zotac Amp Tarjeta De Video Nvidia,"23,990",Distrito Federal,https://articulo.mercadolibre.com.mx/MLM-683760904-tarjeta-de-video-evga-geforce-rtx-2080-ti-xc-gaming-_JM
25,Tarjeta De Video Evga Nvidia Geforce Rtx 2080 Xc Gaming 8gb,"20,957",Distrito Federal,https://articulo.mercadolibre.com.mx/MLM-683760904-tarjeta-de-video-evga-geforce-rtx-2080-ti-xc-gaming-_JM
26,Tarjeta De Video Pny Geforce Rtx 2080 8gb Xlr8 Gaming Oc Msi,"19,499",Puebla,https://articulo.mercadolibre.com.mx/MLM-665723552-tarjeta-de-video-msi-geforce-rtx-2080-sea-hawk-x-8gb-ddr6-_JM
27,Rtx 2080 8gb Gddr6 Zotac Tarjeta De Video Nvidia,"22,990",Distrito Federal,https://articulo.mercadolibre.com.mx/MLM-665723552-tarjeta-de-video-msi-geforce-rtx-2080-sea-hawk-x-8gb-ddr6-_JM
28,Rtx 2080 Msi Ventus 8g Oc Tarjeta Nvidia - Envío Gratis,"23,490",Distrito Federal,https://articulo.mercadolibre.com.mx/MLM-663386570-tarjeta-de-video-gamer-strix-rtx-2080ti-meses-sin-intereses-_JM
29,Rtx 2080 Msi Sea Hawk Enfriamiento Líquido - Envío Gratis,"24,900",Distrito Federal,https://articulo.mercadolibre.com.mx/MLM-663386570-tarjeta-de-video-gamer-strix-rtx-2080ti-meses-sin-intereses-_JM
30,Tarjeta De Video Zotac Geforce Rtx 2080 Blower Zt-t20800j-10,"17,999",Michoacán,https://articulo.mercadolibre.com.mx/MLM-651936543-tarjeta-video-geforce-evga-rtx-2080-ultra-gaming-8gb-gddr6-_JM
31,Rtx 2080 8gb Gddr6 Gigabyte Tarjeta Video Nvidia Envio Grati,"22,790",Distrito Federal,https://articulo.mercadolibre.com.mx/MLM-651936543-tarjeta-video-geforce-evga-rtx-2080-ultra-gaming-8gb-gddr6-_JM
32,Rtx 2080 Msi Ventus 8g Oc - Meses Sin Intereses Envío Gratis,"24,290",Distrito Federal,https://articulo.mercadolibre.com.mx/MLM-663386707-tarjeta-de-video-gamer-strix-rtx-2080ti-envio-gratis-_JM
33,Rtx 2080 8gb Gddr6 Evga Xc Ultra Nvidia - Envío Gratis,"24,300",Distrito Federal,https://articulo.mercadolibre.com.mx/MLM-663386707-tarjeta-de-video-gamer-strix-rtx-2080ti-envio-gratis-_JM
34,Tarjeta De Video Asus Nvidia Geforce Rtx 2080 Dual Oc  8gb 2,"21,000",Distrito Federal,https://articulo.mercadolibre.com.mx/MLM-675309882-asus-rog-strix-rtx-2080ti-a11g-gaming-11gb-gddr6-_JM
35,Tarjeta De Video Zotac Geforce Rtx 2080 Ti Amp Zt-t20810d-10,"31,159",Michoacán,https://articulo.mercadolibre.com.mx/MLM-675309882-asus-rog-strix-rtx-2080ti-a11g-gaming-11gb-gddr6-_JM
36,Rtx 2080 8gb Gddr6 Evga Xc Ultra A Meses Sin Intereses,"25,160",Distrito Federal,https://articulo.mercadolibre.com.mx/MLM-651243376-msi-t-video-msi-nvidia-rtx-2080-sea-hawk-x-8gb-gddr6-enfria-_JM
37,T. Video Asus Rog Strix Nvidia Geforce Rtx 2080ti Advanced 1,"29,749",Distrito Federal,https://articulo.mercadolibre.com.mx/MLM-651243376-msi-t-video-msi-nvidia-rtx-2080-sea-hawk-x-8gb-gddr6-enfria-_JM
38,Tarjeta De Video Nvidia Geforce Rtx 2080 Asus Dual Oc 8gb,"22,999",Nuevo León,https://articulo.mercadolibre.com.mx/MLM-651915164-tarjeta-video-geforce-asus-rtx-2080-dual-oc-8gb-gddr6-_JM
39,Msi T.video Asus Geforce Rtx 2080 Turbo 8gb/ddr6/256bit Turb,"21,018",Distrito Federal,https://articulo.mercadolibre.com.mx/MLM-651915164-tarjeta-video-geforce-asus-rtx-2080-dual-oc-8gb-gddr6-_JM
40,T. Video Pny Nvidia Rtx 2080 Ti 11gb Gddr6 Xlr8 Vcg2080t11tf,"31,970",Distrito Federal,https://articulo.mercadolibre.com.mx/MLM-676756801-tarjeta-de-video-nvidia-rtx-2080-zotac-amp-_JM
41,Msi T. Video Asus Rog Strix Nvidia Geforce Rtx 2080ti Advanc,"31,300",Distrito Federal,https://articulo.mercadolibre.com.mx/MLM-676756801-tarjeta-de-video-nvidia-rtx-2080-zotac-amp-_JM
42,T. Video Msi Nvidia Rtx 2080 Sea Hawk X 8gb Gddr6 Enfriamien,"25,042",Distrito Federal,https://articulo.mercadolibre.com.mx/MLM-649746804-rtx-2080-msi-sea-hawk-enfriamiento-liquido-meses-sin-interes-_JM
43,T. Video Zotac Rtx 2080ti Amp 11gb Gddr6 Zt-t20810d-10p,"30,486",Distrito Federal,https://articulo.mercadolibre.com.mx/MLM-649746804-rtx-2080-msi-sea-hawk-enfriamiento-liquido-meses-sin-interes-_JM
44,Msi T. Video Zotac Rtx 2080ti Amp 11gb Gddr6 Zt-t20810d-10p,"32,076",Distrito Federal,https://articulo.mercadolibre.com.mx/MLM-649962183-tarjeta-de-video-pny-geforce-rtx-2080-8gb-xlr8-gaming-oc-_JM
45,T. Video Asus Rog Strix Nvidia Geforce Rtx 2080ti Oc 11gb Gd,"29,738",Distrito Federal,https://articulo.mercadolibre.com.mx/MLM-649962183-tarjeta-de-video-pny-geforce-rtx-2080-8gb-xlr8-gaming-oc-_JM
46,T. Video Asus Dual Nvidia Rtx 2080ti 11gb Gddr6 Dual-rtx2080,"29,377",Distrito Federal,https://articulo.mercadolibre.com.mx/MLM-639687953-rtx-2080-8gb-gddr6-zotac-amp-tarjeta-de-video-nvidia-_JM
47,T. Video Zotac Nvidia Geforce Rtx 2080 Blower 8gb Gddr6 Zt-t,"17,057",Distrito Federal,https://articulo.mercadolibre.com.mx/MLM-639687953-rtx-2080-8gb-gddr6-zotac-amp-tarjeta-de-video-nvidia-_JM
48,T. Video Gigabyte Nvidia Rtx 2080 Gaming White 8gb Gddr6 Gv-,"21,416",Distrito Federal,https://articulo.mercadolibre.com.mx/MLM-661694157-tarjeta-de-video-evga-nvidia-geforce-rtx-2080-xc-gaming-8gb-_JM
49,T. Video Asus Dual Nvidia Rtx 2080 8gb Gddr6 Dual-rtx2080-o8,"19,624",Distrito Federal,https://articulo.mercadolibre.com.mx/MLM-661694157-tarjeta-de-video-evga-nvidia-geforce-rtx-2080-xc-gaming-8gb-_JM
50,Msi T. Video Asus Rog Strix Nvidia Geforce Rtx 2080ti Oc 11g,"31,288",Distrito Federal,https://articulo.mercadolibre.com.mx/MLM-649962227-tarjeta-de-video-pny-geforce-rtx-2080-8gb-xlr8-gaming-oc-msi-_JM
51,T Video Gigabyte Nvidia Rtx2080 8gb Gddr6 Gv-n2080gaming Oc-,"19,727",Distrito Federal,https://articulo.mercadolibre.com.mx/MLM-649962227-tarjeta-de-video-pny-geforce-rtx-2080-8gb-xlr8-gaming-oc-msi-_JM
52,Msi T. Video Pny Nvidia Rtx 2080 Ti 11gb Gddr6 Xlr8 Vcg2080t,"33,637",Distrito Federal,https://articulo.mercadolibre.com.mx/MLM-639687882-rtx-2080-8gb-gddr6-zotac-tarjeta-de-video-nvidia-_JM
53,Msi T. Video Gigabyte Nvidia Rtx 2080 Gaming White 8gb Gddr6,"22,533",Distrito Federal,https://articulo.mercadolibre.com.mx/MLM-639687882-rtx-2080-8gb-gddr6-zotac-tarjeta-de-video-nvidia-_JM
54,T.video Asus Geforce Rtx 2080 Turbo 8gb/ddr6/256bit Turbo-rt,"19,977",Distrito Federal,https://articulo.mercadolibre.com.mx/MLM-649748053-rtx-2080-msi-ventus-8g-oc-tarjeta-nvidia-envio-gratis-_JM
55,Gigabyte Rtx 2080 8gb Gddr6 Gaming Version Oc Rgb Fusion,"21,719",Distrito Federal,https://articulo.mercadolibre.com.mx/MLM-649748053-rtx-2080-msi-ventus-8g-oc-tarjeta-nvidia-envio-gratis-_JM
56,Evga Rtx 2080 8gb Gddr6 Xc Gaming Rgb Led 08g-p4-2182-kr Msi,"23,292",Distrito Federal,https://articulo.mercadolibre.com.mx/MLM-649746894-rtx-2080-msi-sea-hawk-enfriamiento-liquido-envio-gratis-_JM
57,Gigabyte Rtx 2080 8gb Gddr6 Gaming Version Oc Rgb Fusion Msi,"22,903",Distrito Federal,https://articulo.mercadolibre.com.mx/MLM-649746894-rtx-2080-msi-sea-hawk-enfriamiento-liquido-envio-gratis-_JM
58,Tarjeta Gráfica Gigabyte Geforce Rtx 2080 Gaming Oc 8gb,"26,006",Estado De México,https://articulo.mercadolibre.com.mx/MLM-677028690-tarjeta-de-video-zotac-geforce-rtx-2080-blower-zt-t20800j-10-_JM
59,Tarjeta De Video Zotac Geforce Rtx 2080 8gb Blower,"17,999",3 vendidos,https://articulo.mercadolibre.com.mx/MLM-677028690-tarjeta-de-video-zotac-geforce-rtx-2080-blower-zt-t20800j-10-_JM
60,Tarjeta De Video Pny Geforce Rtx 2080 8gb Xlr8 Gaming Oc Ed,"20,299","</div>""",https://articulo.mercadolibre.com.mx/MLM-646248742-rtx-2080-8gb-gddr6-gigabyte-tarjeta-video-nvidia-envio-grati-_JM
61,Tarjeta De Video Asus Rtx 2080 Dual 8gb,"21,199",Baja California,https://articulo.mercadolibre.com.mx/MLM-646248742-rtx-2080-8gb-gddr6-gigabyte-tarjeta-video-nvidia-envio-grati-_JM
62,Tarjeta De Video Nvidia Geforce Rtx 2080 Asus Dual Oc 8gb,"22,999",Nuevo León,https://articulo.mercadolibre.com.mx/MLM-649748000-rtx-2080-msi-ventus-8g-oc-meses-sin-intereses-envio-gratis-_JM
63,Tarjeta De Video Nvidia Geforce Rtx 2080 Pny Xlr8 Gaming,"21,759",Nuevo León,https://articulo.mercadolibre.com.mx/MLM-649748000-rtx-2080-msi-ventus-8g-oc-meses-sin-intereses-envio-gratis-_JM
64,Rtx 2080 8gb Gddr6 Gigabyte Tarjeta De Video Nvidia A Meses,"23,520",Distrito Federal,https://articulo.mercadolibre.com.mx/MLM-649713439-rtx-2080-8gb-gddr6-evga-xc-ultra-nvidia-envio-gratis-_JM
65,Tarjeta De Video Nvidia Rtx 2080ti 11gb Hot Sale Mas Barata,"27,500",Baja California,https://articulo.mercadolibre.com.mx/MLM-649713439-rtx-2080-8gb-gddr6-evga-xc-ultra-nvidia-envio-gratis-_JM
66,Tarjeta De Video - Nvidia Geforce Rtx 2080 8gb Gddr6,"30,000",Baja California,https://articulo.mercadolibre.com.mx/MLM-663703999-tarjeta-de-video-asus-nvidia-geforce-rtx-2080-dual-oc-8gb-2-_JM
67,Msi T. Video Evga Nvidia Rtx 2080 8gb Gddr6 Xc Gaming 08g-p4,"21,603",Distrito Federal,https://articulo.mercadolibre.com.mx/MLM-663703999-tarjeta-de-video-asus-nvidia-geforce-rtx-2080-dual-oc-8gb-2-_JM
68,Tarjeta De Video Pny Xlr8 Oc Dual Fan Geforce Rtx2080 8gb,"21,999",Jalisco,https://articulo.mercadolibre.com.mx/MLM-677039436-tarjeta-de-video-zotac-geforce-rtx-2080-ti-amp-zt-t20810d-10-_JM
69,T. Video Zotac Nvidia Rtx 2080ti 11gb Gddr6 Zt-t20810d-10p,"30,427",Michoacán,https://articulo.mercadolibre.com.mx/MLM-677039436-tarjeta-de-video-zotac-geforce-rtx-2080-ti-amp-zt-t20810d-10-_JM
70,Msi T Video Gigabyte Nvidia Rtx2080 8gb Gddr6 Gv-n2080gaming,"20,755",Distrito Federal,https://articulo.mercadolibre.com.mx/MLM-649713366-rtx-2080-8gb-gddr6-evga-xc-ultra-a-meses-sin-intereses-_JM
71,Tarjeta De Video Asus Rtx2080 Dual Oc 8gb Dual-rtx2080-o8g,"18,999",Puebla,https://articulo.mercadolibre.com.mx/MLM-649713366-rtx-2080-8gb-gddr6-evga-xc-ultra-a-meses-sin-intereses-_JM
72,Msi T. Video Zotac Nvidia Rtx 2080 Blower 8gb Gddr6 Zt-t2080,"22,038",Distrito Federal,https://articulo.mercadolibre.com.mx/MLM-671153572-t-video-asus-rog-strix-nvidia-geforce-rtx-2080ti-advanced-1-_JM
73,Gigabyte Tarjeta De Video Geforce Rtx2080 Gaming Oc 8g Gddr6,"17,999",1 vendido - Puebla,https://articulo.mercadolibre.com.mx/MLM-671153572-t-video-asus-rog-strix-nvidia-geforce-rtx-2080ti-advanced-1-_JM
74,Msi T. Video Asus Dual Nvidia Rtx 2080 8gb Gddr6 Dual-rtx208,"20,646",Distrito Federal,https://articulo.mercadolibre.com.mx/MLM-661737484-tarjeta-de-video-nvidia-geforce-rtx-2080-asus-dual-oc-8gb-_JM
75,Tarjeta De Video - Nvidia Geforce Rtx 2080 8gb Gddr6,"30,000",Baja California,https://articulo.mercadolibre.com.mx/MLM-661737484-tarjeta-de-video-nvidia-geforce-rtx-2080-asus-dual-oc-8gb-_JM
76,Msi T. Video Zotac Nvidia Geforce Rtx 2080 Blower 8gb Gddr6,"17,946",Distrito Federal,https://articulo.mercadolibre.com.mx/MLM-658052284-msi-tvideo-asus-geforce-rtx-2080-turbo-8gbddr6256bit-turb-_JM
77,Msi T. Video Asus Dual Nvidia Rtx 2080ti 11gb Gddr6 Dual-rtx,"30,908",Distrito Federal,https://articulo.mercadolibre.com.mx/MLM-658052284-msi-tvideo-asus-geforce-rtx-2080-turbo-8gbddr6256bit-turb-_JM
78,T. Video Zotac Nvidia Rtx 2080 Blower 8gb Gddr6 Zt-t20800a-1,"20,946",Distrito Federal,https://articulo.mercadolibre.com.mx/MLM-657424345-t-video-pny-nvidia-rtx-2080-ti-11gb-gddr6-xlr8-vcg2080t11tf-_JM
79,Tarjeta De Video - Nvidia Geforce Rtx 2070 8gb Gddr6 Pci 3.,"25,000",Baja California,https://articulo.mercadolibre.com.mx/MLM-657424345-t-video-pny-nvidia-rtx-2080-ti-11gb-gddr6-xlr8-vcg2080t11tf-_JM
80,Tarjeta De Video - Nvidia Geforce Rtx 2080 8gb Gddr6,"30,000",Baja California,https://articulo.mercadolibre.com.mx/MLM-671153547-msi-t-video-asus-rog-strix-nvidia-geforce-rtx-2080ti-advanc-_JM
81,Tarjeta De Video Asus Rtx 2080ti 11gb Gddr6 352bits,"30,016",Michoacán,https://articulo.mercadolibre.com.mx/MLM-671153547-msi-t-video-asus-rog-strix-nvidia-geforce-rtx-2080ti-advanc-_JM
82,Tarjeta De Video Asus (turbo-rtx2080-8g) gddr6 256bits pci-e,"20,287",Michoacán,https://articulo.mercadolibre.com.mx/MLM-651242933-t-video-msi-nvidia-rtx-2080-sea-hawk-x-8gb-gddr6-enfriamien-_JM
83,Tarjeta De Video Asus Rog Strix Rtx 2080 8gb Gddr6 256bits,"20,727",Michoacán,https://articulo.mercadolibre.com.mx/MLM-651242933-t-video-msi-nvidia-rtx-2080-sea-hawk-x-8gb-gddr6-enfriamien-_JM
84,Tarjeta De Video Zotac (zt-t20810d-10p) Rtx 2080ti Amp! 11gb,"31,202",Michoacán,https://articulo.mercadolibre.com.mx/MLM-670751420-t-video-zotac-rtx-2080ti-amp-11gb-gddr6-zt-t20810d-10p-_JM?searchVariation=34245342693
85,Tarjeta De Video Pny Geforce Rtx 2080 Oc 8gb Gdrr6 256 Bits,"19,499",Puebla,https://articulo.mercadolibre.com.mx/MLM-670751420-t-video-zotac-rtx-2080ti-amp-11gb-gddr6-zt-t20810d-10p-_JM?searchVariation=34245342693
86,Tarjeta De Video Gigabyte Gv-n2080gaming Oc-8gc Rtx 2080 Gdd,"20,190",Michoacán,https://articulo.mercadolibre.com.mx/MLM-670751410-msi-t-video-zotac-rtx-2080ti-amp-11gb-gddr6-zt-t20810d-10p-_JM?searchVariation=34245301485
87,Tarjeta De Video Asus Rog Strix Rtx 2080ti 11gb Gddr6 352bit,"30,383",Michoacán,https://articulo.mercadolibre.com.mx/MLM-670751410-msi-t-video-zotac-rtx-2080ti-amp-11gb-gddr6-zt-t20810d-10p-_JM?searchVariation=34245301485
88,Tarjeta De Video Asus Rog Strix 2080ti 11gb Gddr6 352bits,"30,298",Michoacán,https://articulo.mercadolibre.com.mx/MLM-670510907-t-video-asus-rog-strix-nvidia-geforce-rtx-2080ti-oc-11gb-gd-_JM
89,Tarjeta De Video Zotac (zt-t20800j-10p) Rtx 2080 8gb Gddr6 2,"17,452",Michoacán,https://articulo.mercadolibre.com.mx/MLM-670510907-t-video-asus-rog-strix-nvidia-geforce-rtx-2080ti-oc-11gb-gd-_JM
90,Tarjeta De Video Evga 08g-p4-2182-kr Rtx 2080 Xc Gaming,"21,786",Michoacán,https://articulo.mercadolibre.com.mx/MLM-647222203-t-video-asus-dual-nvidia-rtx-2080ti-11gb-gddr6-dual-rtx2080-_JM
91,Nvidia Geforce Rtx 2080 Zotac Zt-t20800d-10p,"16,500",Distrito Federal,https://articulo.mercadolibre.com.mx/MLM-647222203-t-video-asus-dual-nvidia-rtx-2080ti-11gb-gddr6-dual-rtx2080-_JM
92,Tarjeta De Video Gigabyte Nvidia Rtx 2080 White 8gb Gddr6 /v,"19,754","</div>""",https://articulo.mercadolibre.com.mx/MLM-674623954-t-video-zotac-nvidia-geforce-rtx-2080-blower-8gb-gddr6-zt-t-_JM
93,Rtx 2080 Ti,"40,000",Sinaloa,https://articulo.mercadolibre.com.mx/MLM-674623954-t-video-zotac-nvidia-geforce-rtx-2080-blower-8gb-gddr6-zt-t-_JM
94,Zotac Rtx 2080 Amp Edition 8gb,"22,500",Distrito Federal,https://articulo.mercadolibre.com.mx/MLM-657424333-t-video-gigabyte-nvidia-rtx-2080-gaming-white-8gb-gddr6-gv--_JM
95,Tarjeta De Video Asus Turbo Rtx 2080 Ti 11gb Oc,"24,000",Puebla,https://articulo.mercadolibre.com.mx/MLM-657424333-t-video-gigabyte-nvidia-rtx-2080-gaming-white-8gb-gddr6-gv--_JM
96,Gygabyte Rtx 2080,"22,000",Distrito Federal,https://articulo.mercadolibre.com.mx/MLM-648351101-t-video-evga-nvidia-rtx-2080-8gb-gddr6-xc-gaming-08g-p4-218-_JM
97,Nvidia Geforce Rtx 2080 Con Memoria Samsung No Cambios,"16,000",Distrito Federal,https://articulo.mercadolibre.com.mx/MLM-648351101-t-video-evga-nvidia-rtx-2080-8gb-gddr6-xc-gaming-08g-p4-218-_JM
98,Tarjeta De Video Rtx 2080 Ti 11gb Asus Rog Strix Ddr6 /v,"30,519","</div>""",https://articulo.mercadolibre.com.mx/MLM-645241720-evga-rtx-2080-8gb-gddr6-xc-gaming-rgb-led-08g-p4-2182-kr-_JM
99,Gigabyte Geforce Rtx 2080 Empujes 8g Gráficos Tarjeta  Afic,19362,"</div>""",https://articulo.mercadolibre.com.mx/MLM-645241720-evga-rtx-2080-8gb-gddr6-xc-gaming-rgb-led-08g-p4-2182-kr-_JM
100,Nvidia Geforce Rtx 2080 8gb Gigabyte,"20,890",Morelos,https://articulo.mercadolibre.com.mx/MLM-645278082-t-video-asus-dual-nvidia-rtx-2080-8gb-gddr6-dual-rtx2080-o8-_JM
101,Nvidia - Geforce Rtx 2080 Founders Edition 8gb Gddr6 Pci,"20,999",Tamaulipas,https://articulo.mercadolibre.com.mx/MLM-645278082-t-video-asus-dual-nvidia-rtx-2080-8gb-gddr6-dual-rtx2080-o8-_JM
102,Tarjeta De Video Msi Geforce Rtx 2080 Sea Hawk X 8gb/ddr6/25,"25,514",Distrito Federal,https://articulo.mercadolibre.com.mx/MLM-670511003-msi-t-video-asus-rog-strix-nvidia-geforce-rtx-2080ti-oc-11g-_JM
103,Tarjeta De Video Rtx 2080 Ti 11gb Asus Rog Strix Ddr6 /v /v,"30,519","</div>""",https://articulo.mercadolibre.com.mx/MLM-670511003-msi-t-video-asus-rog-strix-nvidia-geforce-rtx-2080ti-oc-11g-_JM
104,Tarjeta De Video Asus Geforce Rtx 2080 8 Gb Gddr6,"22,999",Veracruz,https://articulo.mercadolibre.com.mx/MLM-656549902-t-video-gigabyte-nvidia-rtx2080-8gb-gddr6-gv-n2080gaming-oc--_JM
105,Tarjeta De Video Msi Geforce Rtx 2080 Ventus Oc 8gb Ddr6,"22,800",Veracruz,https://articulo.mercadolibre.com.mx/MLM-656549902-t-video-gigabyte-nvidia-rtx2080-8gb-gddr6-gv-n2080gaming-oc--_JM
106,Asus Geforce Rtx 2080 O8g Rog Strix Oc Edition Gddr6 Hdmi Dp,"33,665",Tamaulipas,https://articulo.mercadolibre.com.mx/MLM-657424765-msi-t-video-pny-nvidia-rtx-2080-ti-11gb-gddr6-xlr8-vcg2080t-_JM
107,Tarjeta Gráfica Evga Geforce Rtx 2080 Ti 11gb Gddr6,"40,099",Nuevo León,https://articulo.mercadolibre.com.mx/MLM-657424765-msi-t-video-pny-nvidia-rtx-2080-ti-11gb-gddr6-xlr8-vcg2080t-_JM
108,Tarjeta Gráfica Asus Rog Strix Geforce Rtx 2080 8g Gddr6,"22,899",Nuevo León,https://articulo.mercadolibre.com.mx/MLM-657424774-msi-t-video-gigabyte-nvidia-rtx-2080-gaming-white-8gb-gddr6-_JM
109,Tarjeta De Video Evga 08g-p4-2182-kr Rtx 2080 Xc Gaming,"21,063",Jalisco,https://articulo.mercadolibre.com.mx/MLM-657424774-msi-t-video-gigabyte-nvidia-rtx-2080-gaming-white-8gb-gddr6-_JM
110,Rtx 2080 Zotac. $13649 En Otra Pub.,"16,499",Usado - Guanajuato,https://articulo.mercadolibre.com.mx/MLM-658052085-tvideo-asus-geforce-rtx-2080-turbo-8gbddr6256bit-turbo-rt-_JM
111,Tarjeta De Video Nvidia Geforce Rtx 2080 Asus Dual Oc 8gb,"22,999",Nuevo León,https://articulo.mercadolibre.com.mx/MLM-658052085-tvideo-asus-geforce-rtx-2080-turbo-8gbddr6256bit-turbo-rt-_JM
112,Tarjeta De Video Asus Geforce Rtx 2080 Turbo 8gb/ddr6/256bit,"24,122",Distrito Federal,https://articulo.mercadolibre.com.mx/MLM-645244294-gigabyte-rtx-2080-8gb-gddr6-gaming-version-oc-rgb-fusion-_JM
113,Tarjeta De Video Msi Geforce Rtx 2080 Ventus Oc 8gb/ddr6/256,"23,900",Distrito Federal,https://articulo.mercadolibre.com.mx/MLM-645244294-gigabyte-rtx-2080-8gb-gddr6-gaming-version-oc-rgb-fusion-_JM
114,Tarjeta Video Geforce Gigabyte Rtx 2080 Gaming Oc 8gb Gddr6,"21,300",1 vendido - Estado De México,https://articulo.mercadolibre.com.mx/MLM-645241833-evga-rtx-2080-8gb-gddr6-xc-gaming-rgb-led-08g-p4-2182-kr-msi-_JM
115,Msi Rtx Ventus 2080 Oc 8gb Gddr6 Factura Mexicana,"15,999",Usado - Yucatán,https://articulo.mercadolibre.com.mx/MLM-645241833-evga-rtx-2080-8gb-gddr6-xc-gaming-rgb-led-08g-p4-2182-kr-msi-_JM
116,Tarjeta Video Geforce Asus Rtx 2080 Dual Oc 8gb Gddr6,"19,900",Estado De México,https://articulo.mercadolibre.com.mx/MLM-645244345-gigabyte-rtx-2080-8gb-gddr6-gaming-version-oc-rgb-fusion-msi-_JM
117,Tarjeta Video Geforce Evga Rtx 2080 Ultra Gaming 8gb Gddr6,"22,100",Estado De México,https://articulo.mercadolibre.com.mx/MLM-645244345-gigabyte-rtx-2080-8gb-gddr6-gaming-version-oc-rgb-fusion-msi-_JM
118,Tarjeta De Video Nvidia Rtx 2080ti 11gb Gaming Edition Rgb,"26,500",Baja California,https://articulo.mercadolibre.com.mx/MLM-668387656-tarjeta-grafica-gigabyte-geforce-rtx-2080-gaming-oc-8gb-_JM
119,Rtx 2080 8gb Gddr6 Zotac Amp Tarjeta De Video Nvidia,"22,990",1 vendido - Distrito Federal,https://articulo.mercadolibre.com.mx/MLM-668387656-tarjeta-grafica-gigabyte-geforce-rtx-2080-gaming-oc-8gb-_JM
120,Rtx 2080 Asus Rog Strix Posible Cambio,"17,499",Usado - Distrito Federal,https://articulo.mercadolibre.com.mx/MLM-650963039-tarjeta-de-video-zotac-geforce-rtx-2080-8gb-blower-_JM
121,Amp Tarjeta Zotac Rtx 2080 Ti 11gb Gddr6 Zt-t20810f-10p,"26,500",Sinaloa,https://articulo.mercadolibre.com.mx/MLM-650963039-tarjeta-de-video-zotac-geforce-rtx-2080-8gb-blower-_JM
122,Evga Geforce Rtx 2080 Ti,"26,999",Jalisco,https://articulo.mercadolibre.com.mx/MLM-650862423-tarjeta-de-video-pny-geforce-rtx-2080-8gb-xlr8-gaming-oc-ed-_JM
123,Rtx 2080 Gigabyte Winforce Con Artic Xtreme Vi,"14,999",Usado - Estado De México,https://articulo.mercadolibre.com.mx/MLM-650862423-tarjeta-de-video-pny-geforce-rtx-2080-8gb-xlr8-gaming-oc-ed-_JM
124,Zotac Rtx 2080 Amp Edition 8gb,"21,500",Distrito Federal,https://articulo.mercadolibre.com.mx/MLM-645520284-tarjeta-de-video-asus-rtx-2080-dual-8gb-_JM
125,Rtx 280 Zotac Amp,"14,500",Usado - Estado De México,https://articulo.mercadolibre.com.mx/MLM-645520284-tarjeta-de-video-asus-rtx-2080-dual-8gb-_JM
126,Rtx 2080 8gb Gddr6,"17,500",Usado - Chihuahua,https://articulo.mercadolibre.com.mx/MLM-650354384-tarjeta-de-video-nvidia-geforce-rtx-2080-pny-xlr8-gaming-_JM
127,Tarjeta De Video Evga Rtx 2080 Xc 8gb Ddr6,"19,000",Estado De México,https://articulo.mercadolibre.com.mx/MLM-650354384-tarjeta-de-video-nvidia-geforce-rtx-2080-pny-xlr8-gaming-_JM
128,Tarjeta De Video Zotac Rtx 2080 Ti,"34,900",Durango,https://articulo.mercadolibre.com.mx/MLM-646248800-rtx-2080-8gb-gddr6-gigabyte-tarjeta-de-video-nvidia-a-meses-_JM
129,Tarjeta De Video Zotac Rtx 2080 Amp,"21,600",Durango,https://articulo.mercadolibre.com.mx/MLM-646248800-rtx-2080-8gb-gddr6-gigabyte-tarjeta-de-video-nvidia-a-meses-_JM
130,Zotac Gaming Geforce Rtx 2080 Ti Amp 11gb Gddr6 352-bit Spec,"31,000",Coahuila,https://articulo.mercadolibre.com.mx/MLM-682186288-tarjeta-de-video-nvidia-rtx-2080ti-11gb-hot-sale-mas-barata-_JM
131,Evga Geforce Rtx 2080 Ti Black Edition Gaming!! Super Precio,"30,000",Coahuila,https://articulo.mercadolibre.com.mx/MLM-682186288-tarjeta-de-video-nvidia-rtx-2080ti-11gb-hot-sale-mas-barata-_JM
132,Tarjeta De Video Gigabyte Nvidia Geforce Rtx 2080 Gaming Oc,"19,312",Estado De México,https://articulo.mercadolibre.com.mx/MLM-663433681-tarjeta-de-video-nvidia-geforce-rtx-2080-8gb-gddr6-_JM
